datum_prijave;ime;email;discipline;veteran
"2026-09-25 07:49:02";"Anita valenčič";;Disk;
"2026-09-28 11:23:17";"Branko Marčec";branko@apipak.si;Peteroboj;
"2026-09-28 17:49:01";"Marko Sluga";msluga@siol.net;Peteroboj;
"2026-09-30 10:21:25";"Kostja Virant";;Peteroboj;
"2026-09-30 11:54:47";"Joze Pirnat";;Peteroboj;
"2026-09-30 11:55:49";"Janče Stanič";;Peteroboj;
"2026-10-01 12:02:07";"Jure Novak";;Peteroboj;
"2026-10-01 17:33:30";"Janez Vajdič";;Peteroboj;
"2026-10-01 17:34:06";"Štefan Potočnik";;Peteroboj;
"2026-10-01 18:07:54";"Marjeta Čad";;Peteroboj;
"2026-10-02 11:19:12";"Damjan Gril";damjan.gril@dagri-inzeniring.com;Peteroboj;
"2026-10-03 13:05:41";"Tomaž Janežič";;Disk;
"2026-10-04 18:01:47";"Robert Senekovič";robertsenekovic@gmail.com;Peteroboj;
"2026-10-06 15:53:51";"Igor  TRATNIK";igor.tratnik2@t-2.net;Peteroboj;
"2026-10-06 16:23:01";"Dušan Koren";;Peteroboj;
"2026-10-08 01:07:05";"Aleksander LEBEN";;Peteroboj;
